,Country,CountryCode,NewConfirmed,TotalConfirmed,NewDeaths,TotalDeaths,NewRecovered,TotalRecovered,Date
0,Afghanistan,AF,29,55876,2,2451,24,49402,2021-03-09 00:52:59.488
1,Albania,AL,683,113580,17,1956,697,75887,2021-03-09 00:52:59.488
2,Algeria,DZ,148,114382,5,3018,123,79187,2021-03-09 00:52:59.488
3,Andorra,AD,0,11042,0,112,0,10626,2021-03-09 00:52:59.488
4,Angola,AO,22,21108,1,515,10,19657,2021-03-09 00:52:59.488
5,Antigua and Barbuda,AG,0,848,0,21,0,410,2021-03-09 00:52:59.488
6,Argentina,AR,5058,2154694,241,53121,5724,1951540,2021-03-09 00:52:59.488
7,Armenia,AM,337,175016,4,3225,170,164954,2021-03-09 00:52:59.488
8,Australia,AU,12,29046,0,909,1,22929,2021-03-09 00:52:59.488
9,Austria,AT,1910,476980,19,8732,1880,445032,2021-03-09 00:52:59.488
10,Azerbaijan,AZ,195,236963,6,3247,71,229789,2021-03-09 00:52:59.488
11,Bahamas,BS,0,8600,0,181,0,7415,2021-03-09 00:52:59.488
12,Bahrain,BH,653,127255,1,473,718,120489,2021-03-09 00:52:59.488
13,Bangladesh,BD,845,551175,14,8476,1117,504120,2021-03-09 00:52:59.488
14,Barbados,BB,0,3285,0,37,0,2815,2021-03-09 00:52:59.488
15,Belarus,BY,930,296441,9,2047,713,287197,2021-03-09 00:52:59.488
16,Belgium,BE,2082,787891,21,22261,0,0,2021-03-09 00:52:59.488
17,Belize,BZ,0,12335,0,315,0,11926,2021-03-09 00:52:59.488
18,Benin,BJ,267,6338,6,81,420,5383,2021-03-09 00:52:59.488
19,Bhutan,BT,0,868,0,1,0,866,2021-03-09 00:52:59.488
20,Bolivia,BO,0,254273,0,11823,0,198236,2021-03-09 00:52:59.488
21,Bosnia and Herzegovina,BA,1778,137291,69,5297,835,118720,2021-03-09 00:52:59.488
22,Botswana,BW,0,31746,0,359,0,26760,2021-03-09 00:52:59.488
23,Brazil,BR,80508,11019344,1086,265411,53440,9739464,2021-03-09 00:52:59.488
24,Brunei Darussalam,BN,1,190,0,3,0,182,2021-03-09 00:52:59.488
25,Bulgaria,BG,2995,263303,150,10764,1228,214115,2021-03-09 00:52:59.488
26,Burkina Faso,BF,0,12181,0,143,0,11816,2021-03-09 00:52:59.488
27,Burundi,BI,0,2319,0,3,0,773,2021-03-09 00:52:59.488
28,Cambodia,KH,0,1011,0,0,0,517,2021-03-09 00:52:59.488
29,Cameroon,CM,1080,36794,15,566,342,32936,2021-03-09 00:52:59.488
30,Canada,CA,2348,756336,22,20319,2094,839824,2021-03-09 00:52:59.488
31,Cape Verde,CV,24,15806,0,154,93,15133,2021-03-09 00:52:59.488
32,Central African Republic,CF,0,5021,0,63,0,4920,2021-03-09 00:52:59.488
33,Chad,TD,16,4193,6,146,22,3690,2021-03-09 00:52:59.488
34,Chile,CL,5302,855785,69,21077,4165,805702,2021-03-09 00:52:59.488
35,China,CN,35,101132,0,4838,18,95848,2021-03-09 00:52:59.488
36,Colombia,CO,3411,2276656,91,60503,4781,2177199,2021-03-09 00:52:59.488
37,Comoros,KM,0,3596,0,146,0,3410,2021-03-09 00:52:59.488
38,Congo (Brazzaville),CG,0,9179,0,131,0,7514,2021-03-09 00:52:59.488
39,Congo (Kinshasa),CD,86,26627,0,712,0,22432,2021-03-09 00:52:59.488
40,Costa Rica,CR,0,206640,0,2833,0,187484,2021-03-09 00:52:59.488
41,Croatia,HR,94,246608,19,5609,464,237645,2021-03-09 00:52:59.488
42,Cuba,CU,873,56566,2,350,930,51709,2021-03-09 00:52:59.488
43,Cyprus,CY,352,37230,0,233,0,2057,2021-03-09 00:52:59.488
44,Czech Republic,CZ,3960,1325291,165,21882,4042,1135251,2021-03-09 00:52:59.488
45,CÃ´te d'Ivoire,CI,144,35331,2,204,92,32800,2021-03-09 00:52:59.488
46,Denmark,DK,0,215528,1,2381,0,206052,2021-03-09 00:52:59.488
47,Djibouti,DJ,11,6157,0,63,4,5935,2021-03-09 00:52:59.488
48,Dominica,DM,0,144,0,0,0,130,2021-03-09 00:52:59.488
49,Dominican Republic,DO,279,243526,7,3179,764,198386,2021-03-09 00:52:59.488
50,Ecuador,EC,0,294503,0,16039,0,256009,2021-03-09 00:52:59.488
51,Egypt,EG,591,187094,43,11038,466,144485,2021-03-09 00:52:59.488
52,El Salvador,SV,0,60800,8,1915,0,56807,2021-03-09 00:52:59.488
53,Equatorial Guinea,GQ,42,6371,0,96,2,5739,2021-03-09 00:52:59.488
54,Eritrea,ER,0,2944,0,7,0,2436,2021-03-09 00:52:59.488
55,Estonia,EE,1180,76183,14,667,245,55641,2021-03-09 00:52:59.488
56,Ethiopia,ET,995,167133,13,2442,139,138639,2021-03-09 00:52:59.488
57,Fiji,FJ,3,66,0,2,2,57,2021-03-09 00:52:59.488
58,Finland,FI,459,62522,7,774,0,46000,2021-03-09 00:52:59.488
59,France,FR,0,3964078,0,88727,0,272079,2021-03-09 00:52:59.488
60,Gabon,GA,390,16015,1,91,301,14047,2021-03-09 00:52:59.488
61,Gambia,GM,0,4759,0,152,0,4143,2021-03-09 00:52:59.488
62,Georgia,GE,147,272998,15,3591,193,266886,2021-03-09 00:52:59.488
63,Germany,DE,6504,2508655,33,71984,6306,2314400,2021-03-09 00:52:59.488
64,Ghana,GH,0,86465,0,647,0,80952,2021-03-09 00:52:59.488
65,Greece,GR,1161,206281,39,6797,0,93764,2021-03-09 00:52:59.488
66,Grenada,GD,0,148,0,1,0,147,2021-03-09 00:52:59.488
67,Guatemala,GT,210,178770,6,6479,375,165315,2021-03-09 00:52:59.488
68,Guinea,GN,242,16912,2,97,55,15236,2021-03-09 00:52:59.488
69,Guinea-Bissau,GW,0,3312,0,49,0,2671,2021-03-09 00:52:59.488
70,Guyana,GY,7,8814,2,203,57,8171,2021-03-09 00:52:59.488
71,Haiti,HT,0,12536,0,251,0,9828,2021-03-09 00:52:59.488
72,Holy See (Vatican City State),VA,0,27,0,0,0,15,2021-03-09 00:52:59.488
73,Honduras,HN,0,173729,0,4260,0,67989,2021-03-09 00:52:59.488
74,Hungary,HU,2696,468713,115,15988,1232,336744,2021-03-09 00:52:59.488
75,Iceland,IS,5,6064,0,29,0,6020,2021-03-09 00:52:59.488
76,India,IN,18599,11229398,97,157853,14278,10882798,2021-03-09 00:52:59.488
77,Indonesia,ID,6894,1386556,281,37547,8725,1203381,2021-03-09 00:52:59.488
78,"Iran, Islamic Republic of",IR,8313,1698005,99,60786,7152,1449350,2021-03-09 00:52:59.488
79,Iraq,IQ,4468,731016,24,13596,3920,664461,2021-03-09 00:52:59.488
80,Ireland,IE,432,223651,0,4422,0,23364,2021-03-09 00:52:59.488
81,Israel,IL,3541,805116,26,5917,2785,761326,2021-03-09 00:52:59.488
82,Italy,IT,20724,3067486,207,99785,13467,2494839,2021-03-09 00:52:59.488
83,Jamaica,JM,878,26904,1,454,146,14447,2021-03-09 00:52:59.488
84,Japan,JP,1722,439356,59,8255,969,418105,2021-03-09 00:52:59.488
85,Jordan,JO,7413,435130,52,4987,4139,371454,2021-03-09 00:52:59.488
86,Kazakhstan,KZ,0,268327,0,3184,0,246033,2021-03-09 00:52:59.488
87,Kenya,KE,337,109164,3,1879,53,87623,2021-03-09 00:52:59.488
88,Korea (South),KR,0,92817,0,1642,0,83474,2021-03-09 00:52:59.488
89,Kuwait,KW,1326,201898,6,1133,935,187122,2021-03-09 00:52:59.488
90,Kyrgyzstan,KG,33,86583,2,1473,45,83575,2021-03-09 00:52:59.488
91,Lao PDR,LA,0,47,0,0,0,42,2021-03-09 00:52:59.488
92,Latvia,LV,194,90525,4,1699,1740,80247,2021-03-09 00:52:59.488
93,Lebanon,LB,2283,397887,43,5089,2443,312747,2021-03-09 00:52:59.488
94,Lesotho,LS,0,10523,0,307,0,3888,2021-03-09 00:52:59.488
95,Liberia,LR,0,2024,0,85,0,1892,2021-03-09 00:52:59.488
96,Libya,LY,1018,139658,15,2288,1036,126878,2021-03-09 00:52:59.488
97,Liechtenstein,LI,2,2592,0,54,31,2519,2021-03-09 00:52:59.488
98,Lithuania,LT,216,202430,8,3336,54,188245,2021-03-09 00:52:59.488
99,Luxembourg,LU,381,56677,11,663,578,53240,2021-03-09 00:52:59.488
100,"Macedonia, Republic of",MK,316,107479,11,3206,681,95410,2021-03-09 00:52:59.488
101,Madagascar,MG,0,20155,0,300,0,19543,2021-03-09 00:52:59.488
102,Malawi,MW,27,32469,1,1070,732,23105,2021-03-09 00:52:59.488
103,Malaysia,MY,1529,314989,8,1177,2076,294034,2021-03-09 00:52:59.488
104,Maldives,MV,125,20919,0,64,129,18253,2021-03-09 00:52:59.488
105,Mali,ML,0,8580,0,358,0,6441,2021-03-09 00:52:59.488
106,Malta,MT,201,24599,0,334,345,21087,2021-03-09 00:52:59.488
107,Marshall Islands,MH,0,4,0,0,0,4,2021-03-09 00:52:59.488
108,Mauritania,MR,18,17340,0,442,18,16688,2021-03-09 00:52:59.488
109,Mauritius,MU,0,641,0,10,0,588,2021-03-09 00:52:59.488
110,Mexico,MX,2734,2128600,247,190604,3773,1670431,2021-03-09 00:52:59.488
111,"Micronesia, Federated States of",FM,0,1,0,0,0,1,2021-03-09 00:52:59.488
112,Moldova,MD,350,195602,18,4129,912,172242,2021-03-09 00:52:59.488
113,Monaco,MC,5,2028,0,26,15,1850,2021-03-09 00:52:59.488
114,Mongolia,MN,0,3336,1,3,107,2588,2021-03-09 00:52:59.488
115,Montenegro,ME,417,80191,18,1085,492,70137,2021-03-09 00:52:59.488
116,Morocco,MA,102,486325,1,8683,304,472544,2021-03-09 00:52:59.488
117,Mozambique,MZ,183,62703,5,698,173,46594,2021-03-09 00:52:59.488
118,Myanmar,MM,11,142045,0,3200,7,131679,2021-03-09 00:52:59.488
119,Namibia,NA,157,40187,1,439,58,37578,2021-03-09 00:52:59.488
120,Nepal,NP,89,274810,1,3011,41,270927,2021-03-09 00:52:59.488
121,Netherlands,NL,4526,1120075,30,15833,0,0,2021-03-09 00:52:59.488
122,New Zealand,NZ,0,2405,0,26,0,2301,2021-03-09 00:52:59.488
123,Nicaragua,NI,0,6489,0,174,0,4225,2021-03-09 00:52:59.488
124,Niger,NE,0,4822,0,177,0,4405,2021-03-09 00:52:59.488
125,Nigeria,NG,29,158535,0,1969,166,138056,2021-03-09 00:52:59.488
126,Norway,NO,362,75304,0,632,0,17998,2021-03-09 00:52:59.488
127,Oman,OM,449,144404,3,1594,370,134684,2021-03-09 00:52:59.488
128,Pakistan,PK,1592,592100,22,13227,1210,560458,2021-03-09 00:52:59.488
129,Palestinian Territory,PS,1742,198554,17,2157,1329,176507,2021-03-09 00:52:59.488
130,Panama,PA,0,344834,0,5923,0,331762,2021-03-09 00:52:59.488
131,Papua New Guinea,PG,87,1670,0,16,0,846,2021-03-09 00:52:59.488
132,Paraguay,PY,1817,169860,25,3343,1121,141682,2021-03-09 00:52:59.488
133,Peru,PE,6670,1364964,190,47681,6643,1269365,2021-03-09 00:52:59.488
134,Philippines,PH,3351,597763,5,12521,59,545912,2021-03-09 00:52:59.488
135,Poland,PL,6169,1801083,32,45317,11515,1494083,2021-03-09 00:52:59.488
136,Portugal,PT,365,810459,25,16565,779,732346,2021-03-09 00:52:59.488
137,Qatar,QA,468,167417,1,263,298,156299,2021-03-09 00:52:59.488
138,Republic of Kosovo,XK,1135,73735,15,1655,513,62200,2021-03-09 00:52:59.488
139,Romania,RO,2280,830563,63,20963,7296,761631,2021-03-09 00:52:59.488
140,Russian Federation,RU,10478,4274263,361,87614,11501,3867901,2021-03-09 00:52:59.488
141,Rwanda,RW,108,19659,0,268,71,17911,2021-03-09 00:52:59.488
142,Saint Kitts and Nevis,KN,0,41,0,0,0,41,2021-03-09 00:52:59.488
143,Saint Lucia,LC,5,3871,3,46,3,3566,2021-03-09 00:52:59.488
144,Saint Vincent and Grenadines,VC,0,1663,0,8,4,1027,2021-03-09 00:52:59.488
145,Samoa,WS,0,3,0,0,0,2,2021-03-09 00:52:59.488
146,San Marino,SM,0,3922,0,76,0,3426,2021-03-09 00:52:59.488
147,Sao Tome and Principe,ST,0,1950,0,32,0,1562,2021-03-09 00:52:59.488
148,Saudi Arabia,SA,351,380182,6,6534,418,371032,2021-03-09 00:52:59.488
149,Senegal,SN,102,35959,6,925,310,30915,2021-03-09 00:52:59.488
150,Serbia,RS,4091,489530,17,4579,0,0,2021-03-09 00:52:59.488
151,Seychelles,SC,0,2979,0,15,0,2648,2021-03-09 00:52:59.488
152,Sierra Leone,SL,1,3921,0,79,21,2721,2021-03-09 00:52:59.488
153,Singapore,SG,13,60046,0,29,6,59900,2021-03-09 00:52:59.488
154,Slovakia,SK,396,323786,85,7921,0,255300,2021-03-09 00:52:59.488
155,Slovenia,SI,210,195678,6,3897,657,181023,2021-03-09 00:52:59.488
156,Solomon Islands,SB,0,18,0,0,0,14,2021-03-09 00:52:59.488
157,Somalia,SO,117,8438,5,307,0,3932,2021-03-09 00:52:59.488
158,South Africa,ZA,638,1521706,125,50803,1171,1442045,2021-03-09 00:52:59.488
159,South Sudan,SS,104,8870,0,102,597,4914,2021-03-09 00:52:59.488
160,Spain,ES,0,3149012,0,71138,0,150376,2021-03-09 00:52:59.488
161,Sri Lanka,LK,344,86039,0,502,454,82513,2021-03-09 00:52:59.488
162,Sudan,SD,0,30540,20,1915,112,23268,2021-03-09 00:52:59.488
163,Suriname,SR,0,8977,0,175,0,8469,2021-03-09 00:52:59.488
164,Swaziland,SZ,4,17188,0,658,67,15343,2021-03-09 00:52:59.488
165,Sweden,SE,0,684961,0,13003,0,0,2021-03-09 00:52:59.488
166,Switzerland,CH,2744,565034,8,10056,0,317600,2021-03-09 00:52:59.488
167,Syrian Arab Republic (Syria),SY,61,16042,5,1068,80,10454,2021-03-09 00:52:59.488
168,"Taiwan, Republic of China",TW,7,976,0,10,0,932,2021-03-09 00:52:59.488
169,Tajikistan,TJ,0,13308,0,90,0,13218,2021-03-09 00:52:59.488
170,"Tanzania, United Republic of",TZ,0,509,0,21,0,183,2021-03-09 00:52:59.488
171,Thailand,TH,0,26441,0,85,0,25777,2021-03-09 00:52:59.488
172,Timor-Leste,TL,0,122,0,0,0,94,2021-03-09 00:52:59.488
173,Togo,TG,0,7570,0,92,0,6306,2021-03-09 00:52:59.488
174,Trinidad and Tobago,TT,0,7736,1,140,4,7503,2021-03-09 00:52:59.488
175,Tunisia,TN,313,238017,24,8225,595,202994,2021-03-09 00:52:59.488
176,Turkey,TR,13215,2793632,64,29094,8106,2632030,2021-03-09 00:52:59.488
177,Uganda,UG,15,40479,0,334,0,15065,2021-03-09 00:52:59.488
178,Ukraine,UA,7284,1449741,110,28502,2222,1240543,2021-03-09 00:52:59.488
179,United Arab Emirates,AE,2483,413332,13,1335,1857,394649,2021-03-09 00:52:59.488
180,United Kingdom,GB,5260,4231166,82,124736,2,11851,2021-03-09 00:52:59.488
181,United States of America,US,40340,28993310,669,525031,0,0,2021-03-09 00:52:59.488
182,Uruguay,UY,0,63837,0,651,0,54861,2021-03-09 00:52:59.488
183,Uzbekistan,UZ,43,80219,0,622,31,78915,2021-03-09 00:52:59.488
184,Vanuatu,VU,2,3,0,0,0,1,2021-03-09 00:52:59.488
185,Venezuela (Bolivarian Republic),VE,0,142338,0,1384,0,134394,2021-03-09 00:52:59.488
186,Viet Nam,VN,12,2524,0,35,0,1920,2021-03-09 00:52:59.488
187,Yemen,YE,72,2545,2,653,1,1447,2021-03-09 00:52:59.488
188,Zambia,ZM,234,82655,8,1132,778,78721,2021-03-09 00:52:59.488
189,Zimbabwe,ZW,18,36289,2,1487,38,33872,2021-03-09 00:52:59.488
